すもも,1285,1285,7546,名詞,一般,*,*,*,*,すもも,スモモ,スモモ
もも,1285,1285,7219,名詞,一般,*,*,*,*,もも,モモ,モモ
うち,1314,1314,8571,名詞,副詞可能,*,*,*,*,うち,ウチ,ウチ
うち,1285,1285,7990,名詞,一般,*,*,*,*,うち,ウチ,ウチ
うち,1306,1306,11865,名詞,代名詞,一般,*,*,*,うち,ウチ,ウチ
うち,1313,1313,5796,名詞,非自立,副詞可能,*,*,*,うち,ウチ,ウチ
うち,1310,1310,8911,名詞,非自立,一般,*,*,*,うち,ウチ,ウチ
の,153,153,10409,助詞,格助詞,一般,*,*,*,の,ノ,ノ
の,368,368,4816,助詞,連体化,*,*,*,*,の,ノ,ノ
の,282,282,8222,助詞,終助詞,*,*,*,*,の,ノ,ノ
も,262,262,4669,助詞,係助詞,*,*,*,*,も,モ,モ
